BLAST file	WP_011038360.1 XopG/HopH/AvrPtoH family type III secretion system effector [Xanthomonas campestris]
./genomes/XopG2.versus.10006.fasta.tblastn	0
./genomes/XopG2.versus.10008.fasta.tblastn	0
./genomes/XopG2.versus.10090.fasta.tblastn	0
./genomes/XopG2.versus.10103.fasta.tblastn	1
./genomes/XopG2.versus.10108.fasta.tblastn	0
./genomes/XopG2.versus.10213.fasta.tblastn	0
./genomes/XopG2.versus.10215A.fasta.tblastn	0
./genomes/XopG2.versus.10217A.fasta.tblastn	0
./genomes/XopG2.versus.11085.fasta.tblastn	1
./genomes/XopG2.versus.12049.fasta.tblastn	0
./genomes/XopG2.versus.12112.fasta.tblastn	1
./genomes/XopG2.versus.13108G.fasta.tblastn	0
./genomes/XopG2.versus.147.fasta.tblastn	0
./genomes/XopG2.versus.17.fasta.tblastn	0
./genomes/XopG2.versus.33-1.fasta.tblastn	0
./genomes/XopG2.versus.33-2.fasta.tblastn	0
./genomes/XopG2.versus.33-4.fasta.tblastn	0
./genomes/XopG2.versus.33-5.fasta.tblastn	0
./genomes/XopG2.versus.3811.fasta.tblastn	0
./genomes/XopG2.versus.39-3.fasta.tblastn	0
./genomes/XopG2.versus.3977A.fasta.tblastn	0
./genomes/XopG2.versus.40-2.fasta.tblastn	0
./genomes/XopG2.versus.419.fasta.tblastn	0
./genomes/XopG2.versus.42-1.fasta.tblastn	0
./genomes/XopG2.versus.42-2.fasta.tblastn	0
./genomes/XopG2.versus.42-3.fasta.tblastn	0
./genomes/XopG2.versus.42-4.fasta.tblastn	0
./genomes/XopG2.versus.45672.fasta.tblastn	0
./genomes/XopG2.versus.45685.fasta.tblastn	0
./genomes/XopG2.versus.45687.fasta.tblastn	0
./genomes/XopG2.versus.45772.fasta.tblastn	0
./genomes/XopG2.versus.45806.fasta.tblastn	0
./genomes/XopG2.versus.45835.fasta.tblastn	0
./genomes/XopG2.versus.45837.fasta.tblastn	0
./genomes/XopG2.versus.45927.fasta.tblastn	0
./genomes/XopG2.versus.45957.fasta.tblastn	0
./genomes/XopG2.versus.474.fasta.tblastn	1
./genomes/XopG2.versus.483.fasta.tblastn	0
./genomes/XopG2.versus.54-2.fasta.tblastn	0
./genomes/XopG2.versus.54-3.fasta.tblastn	0
./genomes/XopG2.versus.5495.fasta.tblastn	0
./genomes/XopG2.versus.5498.fasta.tblastn	0
./genomes/XopG2.versus.5499.fasta.tblastn	0
./genomes/XopG2.versus.55-1.fasta.tblastn	0
./genomes/XopG2.versus.55-2.fasta.tblastn	0
./genomes/XopG2.versus.5582.fasta.tblastn	0
./genomes/XopG2.versus.5583.fasta.tblastn	0
./genomes/XopG2.versus.5585.fasta.tblastn	0
./genomes/XopG2.versus.5586.fasta.tblastn	0
./genomes/XopG2.versus.5587.fasta.tblastn	0
./genomes/XopG2.versus.5588.fasta.tblastn	0
./genomes/XopG2.versus.5589.fasta.tblastn	0
./genomes/XopG2.versus.5591.fasta.tblastn	0
./genomes/XopG2.versus.5592.fasta.tblastn	0
./genomes/XopG2.versus.5594.fasta.tblastn	0
./genomes/XopG2.versus.5610.fasta.tblastn	1
./genomes/XopG2.versus.5630.fasta.tblastn	1
./genomes/XopG2.versus.5631.fasta.tblastn	1
./genomes/XopG2.versus.5651.fasta.tblastn	0
./genomes/XopG2.versus.5655.fasta.tblastn	0
./genomes/XopG2.versus.5714B.fasta.tblastn	0
./genomes/XopG2.versus.5715A.fasta.tblastn	0
./genomes/XopG2.versus.5732.fasta.tblastn	0
./genomes/XopG2.versus.5733.fasta.tblastn	0
./genomes/XopG2.versus.5734.fasta.tblastn	0
./genomes/XopG2.versus.5735.fasta.tblastn	0
./genomes/XopG2.versus.5736.fasta.tblastn	0
./genomes/XopG2.versus.5737.fasta.tblastn	1
./genomes/XopG2.versus.5739.fasta.tblastn	1
./genomes/XopG2.versus.5740.fasta.tblastn	0
./genomes/XopG2.versus.5741.fasta.tblastn	0
./genomes/XopG2.versus.5742.fasta.tblastn	0
./genomes/XopG2.versus.5743.fasta.tblastn	0
./genomes/XopG2.versus.5744.fasta.tblastn	0
./genomes/XopG2.versus.5745.fasta.tblastn	0
./genomes/XopG2.versus.5746.fasta.tblastn	0
./genomes/XopG2.versus.5771.fasta.tblastn	0
./genomes/XopG2.versus.5772.fasta.tblastn	0
./genomes/XopG2.versus.5773.fasta.tblastn	0
./genomes/XopG2.versus.5778.fasta.tblastn	0
./genomes/XopG2.versus.5779.fasta.tblastn	0
./genomes/XopG2.versus.5780.fasta.tblastn	0
./genomes/XopG2.versus.5783.fasta.tblastn	1
./genomes/XopG2.versus.5784.fasta.tblastn	1
./genomes/XopG2.versus.5789.fasta.tblastn	0
./genomes/XopG2.versus.5791.fasta.tblastn	0
./genomes/XopG2.versus.5792.fasta.tblastn	0
./genomes/XopG2.versus.5796.fasta.tblastn	0
./genomes/XopG2.versus.5800.fasta.tblastn	0
./genomes/XopG2.versus.5802.fasta.tblastn	1
./genomes/XopG2.versus.5804.fasta.tblastn	0
./genomes/XopG2.versus.5806.fasta.tblastn	0
./genomes/XopG2.versus.5808.fasta.tblastn	0
./genomes/XopG2.versus.5811A.fasta.tblastn	0
./genomes/XopG2.versus.5811B.fasta.tblastn	0
./genomes/XopG2.versus.5814.fasta.tblastn	0
./genomes/XopG2.versus.5816.fasta.tblastn	0
./genomes/XopG2.versus.5819.fasta.tblastn	0
./genomes/XopG2.versus.5821.fasta.tblastn	0
./genomes/XopG2.versus.6018A.fasta.tblastn	1
./genomes/XopG2.versus.6019A.fasta.tblastn	0
./genomes/XopG2.versus.6019C.fasta.tblastn	0
./genomes/XopG2.versus.6020A.fasta.tblastn	0
./genomes/XopG2.versus.6023A.fasta.tblastn	0
./genomes/XopG2.versus.6181Rx.fasta.tblastn	0
./genomes/XopG2.versus.6195Rx.fasta.tblastn	0
./genomes/XopG2.versus.6198.fasta.tblastn	0
./genomes/XopG2.versus.6290.fasta.tblastn	0
./genomes/XopG2.versus.6413.fasta.tblastn	0
./genomes/XopG2.versus.6414.fasta.tblastn	0
./genomes/XopG2.versus.659.fasta.tblastn	0
./genomes/XopG2.versus.66-2.fasta.tblastn	0
./genomes/XopG2.versus.7073.fasta.tblastn	0
./genomes/XopG2.versus.792.fasta.tblastn	0
./genomes/XopG2.versus.793.fasta.tblastn	0
./genomes/XopG2.versus.8004.fasta.tblastn	0
./genomes/XopG2.versus.8284.fasta.tblastn	1
./genomes/XopG2.versus.8288.fasta.tblastn	1
./genomes/XopG2.versus.8290.fasta.tblastn	1
./genomes/XopG2.versus.8305.fasta.tblastn	1
./genomes/XopG2.versus.8708.fasta.tblastn	0
./genomes/XopG2.versus.8819.fasta.tblastn	1
./genomes/XopG2.versus.8891A.fasta.tblastn	1
./genomes/XopG2.versus.8903A.fasta.tblastn	0
./genomes/XopG2.versus.8908.fasta.tblastn	1
./genomes/XopG2.versus.8909A.fasta.tblastn	1
./genomes/XopG2.versus.8934A.fasta.tblastn	1
./genomes/XopG2.versus.8959A.fasta.tblastn	1
./genomes/XopG2.versus.8964.fasta.tblastn	0
./genomes/XopG2.versus.A342.fasta.tblastn	0
./genomes/XopG2.versus.AMN4_1.fasta.tblastn	0
./genomes/XopG2.versus.AMN5.fasta.tblastn	0
./genomes/XopG2.versus.ATCC_33913.fasta.tblastn	1
./genomes/XopG2.versus.Ar1BCA1.fasta.tblastn	0
./genomes/XopG2.versus.Ar1PC2.fasta.tblastn	0
./genomes/XopG2.versus.B100.fasta.tblastn	0
./genomes/XopG2.versus.B1459.fasta.tblastn	1
./genomes/XopG2.versus.BJSJQ20200612-pXX3-4.fasta.tblastn	0
./genomes/XopG2.versus.BJSJQ20200612.fasta.tblastn	0
./genomes/XopG2.versus.BrA1.fasta.tblastn	0
./genomes/XopG2.versus.CFBP1119.fasta.tblastn	0
./genomes/XopG2.versus.CFBP12825.fasta.tblastn	0
./genomes/XopG2.versus.CFBP4953.fasta.tblastn	0
./genomes/XopG2.versus.CFBP4956.fasta.tblastn	0
./genomes/XopG2.versus.CFBP6863.fasta.tblastn	1
./genomes/XopG2.versus.CFBP6943.fasta.tblastn	0
./genomes/XopG2.versus.CFBP_1121.fasta.tblastn	1
./genomes/XopG2.versus.CFBP_1124.fasta.tblastn	1
./genomes/XopG2.versus.CFBP_12824.fasta.tblastn	0
./genomes/XopG2.versus.CFBP_1710.fasta.tblastn	1
./genomes/XopG2.versus.CFBP_1712.fasta.tblastn	1
./genomes/XopG2.versus.CFBP_1713.fasta.tblastn	1
./genomes/XopG2.versus.CFBP_1869.fasta.tblastn	0
./genomes/XopG2.versus.CFBP_4954.fasta.tblastn	1
./genomes/XopG2.versus.CFBP_4955.fasta.tblastn	1
./genomes/XopG2.versus.CFBP_4956.fasta.tblastn	0
./genomes/XopG2.versus.CFBP_5127.fasta.tblastn	0
./genomes/XopG2.versus.CFBP_5130.fasta.tblastn	0
./genomes/XopG2.versus.CFBP_5241.fasta.tblastn	1
./genomes/XopG2.versus.CFBP_5683.fasta.tblastn	1
./genomes/XopG2.versus.CFBP_5817.fasta.tblastn	0
./genomes/XopG2.versus.CFBP_6863.fasta.tblastn	1
./genomes/XopG2.versus.CFBP_6865.fasta.tblastn	1
./genomes/XopG2.versus.CFBP_6865R.fasta.tblastn	1
./genomes/XopG2.versus.CFBP_6943.fasta.tblastn	0
./genomes/XopG2.versus.CFBP_7156.fasta.tblastn	0
./genomes/XopG2.versus.CFBP_8238.fasta.tblastn	0
./genomes/XopG2.versus.CFBP_8242.fasta.tblastn	0
./genomes/XopG2.versus.CFBP_8405.fasta.tblastn	0
./genomes/XopG2.versus.CFBP_8406.fasta.tblastn	0
./genomes/XopG2.versus.CFBP_9145.fasta.tblastn	0
./genomes/XopG2.versus.CM6.fasta.tblastn	0
./genomes/XopG2.versus.CN01.fasta.tblastn	0
./genomes/XopG2.versus.CN02.fasta.tblastn	0
./genomes/XopG2.versus.CN03.fasta.tblastn	0
./genomes/XopG2.versus.CN05.fasta.tblastn	0
./genomes/XopG2.versus.CN06.fasta.tblastn	0
./genomes/XopG2.versus.CN07.fasta.tblastn	0
./genomes/XopG2.versus.CN08.fasta.tblastn	0
./genomes/XopG2.versus.CN10.fasta.tblastn	0
./genomes/XopG2.versus.CN11.fasta.tblastn	0
./genomes/XopG2.versus.CN12.fasta.tblastn	0
./genomes/XopG2.versus.CN13.fasta.tblastn	1
./genomes/XopG2.versus.CN14.fasta.tblastn	1
./genomes/XopG2.versus.CN15.fasta.tblastn	1
./genomes/XopG2.versus.CN16.fasta.tblastn	1
./genomes/XopG2.versus.CN17.fasta.tblastn	0
./genomes/XopG2.versus.CN18.fasta.tblastn	0
./genomes/XopG2.versus.CN19.fasta.tblastn	0
./genomes/XopG2.versus.CN20.fasta.tblastn	0
./genomes/XopG2.versus.CS6_2.fasta.tblastn	0
./genomes/XopG2.versus.CaNP1C.fasta.tblastn	0
./genomes/XopG2.versus.Cf3C.fasta.tblastn	0
./genomes/XopG2.versus.Cf4B1.fasta.tblastn	0
./genomes/XopG2.versus.DAPP-PG_308.fasta.tblastn	0
./genomes/XopG2.versus.GBBC1458.fasta.tblastn	0
./genomes/XopG2.versus.GBBC_1071.fasta.tblastn	0
./genomes/XopG2.versus.GBBC_1072.fasta.tblastn	0
./genomes/XopG2.versus.GBBC_1073.fasta.tblastn	0
./genomes/XopG2.versus.GBBC_1372.fasta.tblastn	1
./genomes/XopG2.versus.GBBC_1412.fasta.tblastn	0
./genomes/XopG2.versus.GBBC_1414.fasta.tblastn	0
./genomes/XopG2.versus.GBBC_1415.fasta.tblastn	0
./genomes/XopG2.versus.GBBC_1419.fasta.tblastn	0
./genomes/XopG2.versus.GBBC_1429.fasta.tblastn	0
./genomes/XopG2.versus.GBBC_1431.fasta.tblastn	0
./genomes/XopG2.versus.GBBC_1456.fasta.tblastn	0
./genomes/XopG2.versus.GBBC_3216.fasta.tblastn	0
./genomes/XopG2.versus.GBBC_3217.fasta.tblastn	0
./genomes/XopG2.versus.GBBC_3220.fasta.tblastn	0
./genomes/XopG2.versus.GBBC_3226.fasta.tblastn	0
./genomes/XopG2.versus.GBBC_3229.fasta.tblastn	1
./genomes/XopG2.versus.GBBC_3236.fasta.tblastn	0
./genomes/XopG2.versus.GBBC_820.fasta.tblastn	0
./genomes/XopG2.versus.GBBC_821.fasta.tblastn	0
./genomes/XopG2.versus.GSXT20191014.fasta.tblastn	0
./genomes/XopG2.versus.ICMP_21080.fasta.tblastn	0
./genomes/XopG2.versus.ICMP_4013.fasta.tblastn	0
./genomes/XopG2.versus.IPO_3367.fasta.tblastn	1
./genomes/XopG2.versus.IPO_634.fasta.tblastn	0
./genomes/XopG2.versus.IPV-CT_62.4.fasta.tblastn	0
./genomes/XopG2.versus.K13014.fasta.tblastn	0
./genomes/XopG2.versus.LMG_00569.fasta.tblastn	0
./genomes/XopG2.versus.LMG_00572.fasta.tblastn	0
./genomes/XopG2.versus.LMG_00574.fasta.tblastn	1
./genomes/XopG2.versus.LMG_00583.fasta.tblastn	0
./genomes/XopG2.versus.LMG_07460.fasta.tblastn	0
./genomes/XopG2.versus.LMG_07461.fasta.tblastn	1
./genomes/XopG2.versus.LMG_07663.fasta.tblastn	0
./genomes/XopG2.versus.LMG_08001.fasta.tblastn	0
./genomes/XopG2.versus.LMG_08003.fasta.tblastn	0
./genomes/XopG2.versus.LMG_08005.fasta.tblastn	0
./genomes/XopG2.versus.LMG_08006.fasta.tblastn	0
./genomes/XopG2.versus.LMG_08007.fasta.tblastn	0
./genomes/XopG2.versus.LMG_08081.fasta.tblastn	1
./genomes/XopG2.versus.LMG_08099.fasta.tblastn	0
./genomes/XopG2.versus.LMG_08106.fasta.tblastn	1
./genomes/XopG2.versus.MAFF106712.fasta.tblastn	0
./genomes/XopG2.versus.MAFF301176.fasta.tblastn	0
./genomes/XopG2.versus.MAFF302021.fasta.tblastn	0
./genomes/XopG2.versus.MAFF_106771.fasta.tblastn	0
./genomes/XopG2.versus.MBG-107.1.fasta.tblastn	0
./genomes/XopG2.versus.MBG-39.2.fasta.tblastn	0
./genomes/XopG2.versus.MBG-63.1.fasta.tblastn	0
./genomes/XopG2.versus.NBC831.fasta.tblastn	0
./genomes/XopG2.versus.NCPPB_1144.fasta.tblastn	0
./genomes/XopG2.versus.NCPPB_3927.fasta.tblastn	1
./genomes/XopG2.versus.NCPPB_4678.fasta.tblastn	1
./genomes/XopG2.versus.NCPPB_4680.fasta.tblastn	1
./genomes/XopG2.versus.NCPPB_4682.fasta.tblastn	1
./genomes/XopG2.versus.NCPPB_528.fasta.tblastn	1
./genomes/XopG2.versus.NSTU_AG-1.fasta.tblastn	0
./genomes/XopG2.versus.SA14.fasta.tblastn	0
./genomes/XopG2.versus.SB102.fasta.tblastn	0
./genomes/XopG2.versus.SB113.fasta.tblastn	0
./genomes/XopG2.versus.SB39_1.fasta.tblastn	1
./genomes/XopG2.versus.SB47_1.fasta.tblastn	0
./genomes/XopG2.versus.SB76_1.fasta.tblastn	0
./genomes/XopG2.versus.SB80.fasta.tblastn	0
./genomes/XopG2.versus.SO1.fasta.tblastn	0
./genomes/XopG2.versus.SV5.fasta.tblastn	0
./genomes/XopG2.versus.TR11.fasta.tblastn	0
./genomes/XopG2.versus.TR7.fasta.tblastn	1
./genomes/XopG2.versus.WHRI10003.fasta.tblastn	0
./genomes/XopG2.versus.WHRI10004.fasta.tblastn	0
./genomes/XopG2.versus.WHRI8960.fasta.tblastn	0
./genomes/XopG2.versus.WHRI_10018A.fasta.tblastn	0
./genomes/XopG2.versus.WHRI_10018B.fasta.tblastn	0
./genomes/XopG2.versus.WHRI_10019A.fasta.tblastn	0
./genomes/XopG2.versus.WHRI_10019C.fasta.tblastn	0
./genomes/XopG2.versus.WHRI_10020A.fasta.tblastn	0
./genomes/XopG2.versus.WHRI_10021A.fasta.tblastn	0
./genomes/XopG2.versus.WHRI_10021B.fasta.tblastn	0
./genomes/XopG2.versus.WHRI_10023A.fasta.tblastn	0
./genomes/XopG2.versus.WHRI_10024A.fasta.tblastn	0
./genomes/XopG2.versus.WHRI_10030A.fasta.tblastn	1
./genomes/XopG2.versus.WHRI_10033A.fasta.tblastn	0
./genomes/XopG2.versus.WHRI_10034B.fasta.tblastn	0
./genomes/XopG2.versus.WHRI_10035A.fasta.tblastn	0
./genomes/XopG2.versus.WHRI_10040.fasta.tblastn	0
./genomes/XopG2.versus.WHRI_10042.fasta.tblastn	0
./genomes/XopG2.versus.WHRI_10061.fasta.tblastn	0
./genomes/XopG2.versus.WHRI_10062A.fasta.tblastn	0
./genomes/XopG2.versus.WHRI_10071A.fasta.tblastn	0
./genomes/XopG2.versus.WHRI_10071B.fasta.tblastn	0
./genomes/XopG2.versus.WHRI_10072A.fasta.tblastn	0
./genomes/XopG2.versus.WHRI_10072B.fasta.tblastn	0
./genomes/XopG2.versus.WHRI_1279A.fasta.tblastn	0
./genomes/XopG2.versus.WHRI_3811.fasta.tblastn	0
./genomes/XopG2.versus.WHRI_3818A.fasta.tblastn	0
./genomes/XopG2.versus.WHRI_3819A.fasta.tblastn	0
./genomes/XopG2.versus.WHRI_3820A.fasta.tblastn	0
./genomes/XopG2.versus.WHRI_3830A.fasta.tblastn	0
./genomes/XopG2.versus.WHRI_3831A.fasta.tblastn	0
./genomes/XopG2.versus.WHRI_3832A.fasta.tblastn	0
./genomes/XopG2.versus.WHRI_3833A.fasta.tblastn	0
./genomes/XopG2.versus.WHRI_3834A.fasta.tblastn	0
./genomes/XopG2.versus.WHRI_3835A.fasta.tblastn	0
./genomes/XopG2.versus.WHRI_3836E.fasta.tblastn	0
./genomes/XopG2.versus.WHRI_3843B.fasta.tblastn	0
./genomes/XopG2.versus.WHRI_3844B.fasta.tblastn	0
./genomes/XopG2.versus.WHRI_3845B.fasta.tblastn	1
./genomes/XopG2.versus.WHRI_3846B.fasta.tblastn	0
./genomes/XopG2.versus.WHRI_3849A.fasta.tblastn	0
./genomes/XopG2.versus.WHRI_3851A.fasta.tblastn	1
./genomes/XopG2.versus.WHRI_3852B.fasta.tblastn	1
./genomes/XopG2.versus.WHRI_3873.fasta.tblastn	0
./genomes/XopG2.versus.WHRI_3874.fasta.tblastn	0
./genomes/XopG2.versus.WHRI_3876_NCPPB_1043.fasta.tblastn	0
./genomes/XopG2.versus.WHRI_3877_NCPPB_1645.fasta.tblastn	0
./genomes/XopG2.versus.WHRI_3880.fasta.tblastn	1
./genomes/XopG2.versus.WHRI_3880_NCPPB_2986.fasta.tblastn	1
./genomes/XopG2.versus.WHRI_3883_NCPPB_1946.fasta.tblastn	1
./genomes/XopG2.versus.WHRI_3961.fasta.tblastn	0
./genomes/XopG2.versus.WHRI_3962.fasta.tblastn	0
./genomes/XopG2.versus.WHRI_3964.fasta.tblastn	0
./genomes/XopG2.versus.WHRI_3971A.fasta.tblastn	0
./genomes/XopG2.versus.WHRI_3972A.fasta.tblastn	0
./genomes/XopG2.versus.WHRI_3973A.fasta.tblastn	0
./genomes/XopG2.versus.WHRI_3974A.fasta.tblastn	0
./genomes/XopG2.versus.WHRI_3975A.fasta.tblastn	1
./genomes/XopG2.versus.WHRI_3976A.fasta.tblastn	0
./genomes/XopG2.versus.WHRI_3978.fasta.tblastn	0
./genomes/XopG2.versus.WHRI_5176.fasta.tblastn	0
./genomes/XopG2.versus.WHRI_5190.fasta.tblastn	0
./genomes/XopG2.versus.WHRI_5212_NCPPB_528.fasta.tblastn	1
./genomes/XopG2.versus.WHRI_5219_NCPPB_2517.fasta.tblastn	1
./genomes/XopG2.versus.WHRI_5482.fasta.tblastn	0
./genomes/XopG2.versus.WHRI_5485.fasta.tblastn	0
./genomes/XopG2.versus.WHRI_5486.fasta.tblastn	1
./genomes/XopG2.versus.WHRI_5487.fasta.tblastn	0
./genomes/XopG2.versus.WHRI_5489.fasta.tblastn	0
./genomes/XopG2.versus.WHRI_5490.fasta.tblastn	1
./genomes/XopG2.versus.WHRI_5494A.fasta.tblastn	0
./genomes/XopG2.versus.WHRI_5659.fasta.tblastn	0
./genomes/XopG2.versus.WHRI_5812.fasta.tblastn	0
./genomes/XopG2.versus.WHRI_6022A.fasta.tblastn	1
./genomes/XopG2.versus.WHRI_6024A.fasta.tblastn	0
./genomes/XopG2.versus.WHRI_6044.fasta.tblastn	0
./genomes/XopG2.versus.WHRI_6045.fasta.tblastn	0
./genomes/XopG2.versus.WHRI_6046.fasta.tblastn	0
./genomes/XopG2.versus.WHRI_6047.fasta.tblastn	0
./genomes/XopG2.versus.WHRI_6048.fasta.tblastn	0
./genomes/XopG2.versus.WHRI_6049.fasta.tblastn	0
./genomes/XopG2.versus.WHRI_6050.fasta.tblastn	0
./genomes/XopG2.versus.WHRI_6051.fasta.tblastn	0
./genomes/XopG2.versus.WHRI_6052.fasta.tblastn	0
./genomes/XopG2.versus.WHRI_6053.fasta.tblastn	0
./genomes/XopG2.versus.WHRI_6054.fasta.tblastn	0
./genomes/XopG2.versus.WHRI_6055.fasta.tblastn	0
./genomes/XopG2.versus.WHRI_6056.fasta.tblastn	0
./genomes/XopG2.versus.WHRI_6057.fasta.tblastn	0
./genomes/XopG2.versus.WHRI_6058.fasta.tblastn	0
./genomes/XopG2.versus.WHRI_6059.fasta.tblastn	0
./genomes/XopG2.versus.WHRI_6061.fasta.tblastn	0
./genomes/XopG2.versus.WHRI_6062.fasta.tblastn	0
./genomes/XopG2.versus.WHRI_6063.fasta.tblastn	0
./genomes/XopG2.versus.WHRI_6064.fasta.tblastn	0
./genomes/XopG2.versus.WHRI_6065.fasta.tblastn	0
./genomes/XopG2.versus.WHRI_6066.fasta.tblastn	0
./genomes/XopG2.versus.WHRI_6067.fasta.tblastn	0
./genomes/XopG2.versus.WHRI_6068.fasta.tblastn	0
./genomes/XopG2.versus.WHRI_6069.fasta.tblastn	0
./genomes/XopG2.versus.WHRI_6070.fasta.tblastn	0
./genomes/XopG2.versus.WHRI_6071.fasta.tblastn	0
./genomes/XopG2.versus.WHRI_6072.fasta.tblastn	0
./genomes/XopG2.versus.WHRI_6073.fasta.tblastn	0
./genomes/XopG2.versus.WHRI_6074.fasta.tblastn	0
./genomes/XopG2.versus.WHRI_6075.fasta.tblastn	0
./genomes/XopG2.versus.WHRI_6076.fasta.tblastn	0
./genomes/XopG2.versus.WHRI_6077.fasta.tblastn	0
./genomes/XopG2.versus.WHRI_6081.fasta.tblastn	0
./genomes/XopG2.versus.WHRI_6082.fasta.tblastn	0
./genomes/XopG2.versus.WHRI_6083.fasta.tblastn	0
./genomes/XopG2.versus.WHRI_6084.fasta.tblastn	0
./genomes/XopG2.versus.WHRI_6085.fasta.tblastn	0
./genomes/XopG2.versus.WHRI_6086.fasta.tblastn	0
./genomes/XopG2.versus.WHRI_6087.fasta.tblastn	0
./genomes/XopG2.versus.WHRI_6089.fasta.tblastn	0
./genomes/XopG2.versus.WHRI_6090.fasta.tblastn	0
./genomes/XopG2.versus.WHRI_6136.fasta.tblastn	0
./genomes/XopG2.versus.WHRI_6180.fasta.tblastn	0
./genomes/XopG2.versus.WHRI_6181.fasta.tblastn	0
./genomes/XopG2.versus.WHRI_6182.fasta.tblastn	0
./genomes/XopG2.versus.WHRI_6183.fasta.tblastn	0
./genomes/XopG2.versus.WHRI_6184.fasta.tblastn	0
./genomes/XopG2.versus.WHRI_6185.fasta.tblastn	0
./genomes/XopG2.versus.WHRI_6186.fasta.tblastn	0
./genomes/XopG2.versus.WHRI_6187.fasta.tblastn	0
./genomes/XopG2.versus.WHRI_6188.fasta.tblastn	0
./genomes/XopG2.versus.WHRI_6189.fasta.tblastn	0
./genomes/XopG2.versus.WHRI_6190.fasta.tblastn	0
./genomes/XopG2.versus.WHRI_6191.fasta.tblastn	0
./genomes/XopG2.versus.WHRI_6192.fasta.tblastn	0
./genomes/XopG2.versus.WHRI_6194.fasta.tblastn	0
./genomes/XopG2.versus.WHRI_6195.fasta.tblastn	0
./genomes/XopG2.versus.WHRI_6196.fasta.tblastn	0
./genomes/XopG2.versus.WHRI_6309A.fasta.tblastn	0
./genomes/XopG2.versus.WHRI_6312A.fasta.tblastn	0
./genomes/XopG2.versus.WHRI_6366.fasta.tblastn	0
./genomes/XopG2.versus.WHRI_6367.fasta.tblastn	0
./genomes/XopG2.versus.WHRI_6368.fasta.tblastn	0
./genomes/XopG2.versus.WHRI_6369.fasta.tblastn	0
./genomes/XopG2.versus.WHRI_6379_NCPPB_45.fasta.tblastn	1
./genomes/XopG2.versus.WHRI_6380_NCPPB_404.fasta.tblastn	0
./genomes/XopG2.versus.WHRI_6381_NCPPB_529.fasta.tblastn	0
./genomes/XopG2.versus.WHRI_6382.fasta.tblastn	1
./genomes/XopG2.versus.WHRI_6382_NCPPB_1711.fasta.tblastn	1
./genomes/XopG2.versus.WHRI_6383_NCPPB_2857.fasta.tblastn	0
./genomes/XopG2.versus.WHRI_6412.fasta.tblastn	1
./genomes/XopG2.versus.WHRI_6413.fasta.tblastn	0
./genomes/XopG2.versus.WHRI_7071.fasta.tblastn	0
./genomes/XopG2.versus.WHRI_7072.fasta.tblastn	0
./genomes/XopG2.versus.WHRI_7074.fasta.tblastn	0
./genomes/XopG2.versus.WHRI_7230.fasta.tblastn	0
./genomes/XopG2.versus.WHRI_7234.fasta.tblastn	0
./genomes/XopG2.versus.WHRI_7240.fasta.tblastn	0
./genomes/XopG2.versus.WHRI_7260.fasta.tblastn	0
./genomes/XopG2.versus.WHRI_7262.fasta.tblastn	0
./genomes/XopG2.versus.WHRI_7264.fasta.tblastn	0
./genomes/XopG2.versus.WHRI_7273.fasta.tblastn	0
./genomes/XopG2.versus.WHRI_7275.fasta.tblastn	0
./genomes/XopG2.versus.WHRI_7277.fasta.tblastn	0
./genomes/XopG2.versus.WHRI_7279.fasta.tblastn	0
./genomes/XopG2.versus.WHRI_7281.fasta.tblastn	0
./genomes/XopG2.versus.WHRI_7283.fasta.tblastn	0
./genomes/XopG2.versus.WHRI_7284.fasta.tblastn	0
./genomes/XopG2.versus.WHRI_7285.fasta.tblastn	0
./genomes/XopG2.versus.WHRI_7286.fasta.tblastn	0
./genomes/XopG2.versus.WHRI_7287.fasta.tblastn	0
./genomes/XopG2.versus.WHRI_7289.fasta.tblastn	0
./genomes/XopG2.versus.WHRI_7290.fasta.tblastn	0
./genomes/XopG2.versus.WHRI_7292.fasta.tblastn	0
./genomes/XopG2.versus.WHRI_7294.fasta.tblastn	0
./genomes/XopG2.versus.WHRI_738C.fasta.tblastn	0
./genomes/XopG2.versus.WHRI_7657.fasta.tblastn	0
./genomes/XopG2.versus.WHRI_7758.fasta.tblastn	0
./genomes/XopG2.versus.WHRI_7761.fasta.tblastn	0
./genomes/XopG2.versus.WHRI_7776.fasta.tblastn	0
./genomes/XopG2.versus.WHRI_7779.fasta.tblastn	0
./genomes/XopG2.versus.WHRI_7782.fasta.tblastn	1
./genomes/XopG2.versus.WHRI_7787.fasta.tblastn	1
./genomes/XopG2.versus.WHRI_7795.fasta.tblastn	0
./genomes/XopG2.versus.WHRI_7797.fasta.tblastn	0
./genomes/XopG2.versus.WHRI_7803.fasta.tblastn	1
./genomes/XopG2.versus.WHRI_7804.fasta.tblastn	0
./genomes/XopG2.versus.WHRI_7805.fasta.tblastn	0
./genomes/XopG2.versus.WHRI_7806.fasta.tblastn	0
./genomes/XopG2.versus.WHRI_7807.fasta.tblastn	0
./genomes/XopG2.versus.WHRI_7808.fasta.tblastn	0
./genomes/XopG2.versus.WHRI_7809.fasta.tblastn	0
./genomes/XopG2.versus.WHRI_7810.fasta.tblastn	0
./genomes/XopG2.versus.WHRI_7942.fasta.tblastn	0
./genomes/XopG2.versus.WHRI_7943.fasta.tblastn	0
./genomes/XopG2.versus.WHRI_7944.fasta.tblastn	0
./genomes/XopG2.versus.WHRI_8020A.fasta.tblastn	0
./genomes/XopG2.versus.WHRI_8020C.fasta.tblastn	0
./genomes/XopG2.versus.WHRI_8021.fasta.tblastn	0
./genomes/XopG2.versus.WHRI_8022A.fasta.tblastn	0
./genomes/XopG2.versus.WHRI_8022C.fasta.tblastn	0
./genomes/XopG2.versus.WHRI_8023A.fasta.tblastn	0
./genomes/XopG2.versus.WHRI_8023C.fasta.tblastn	0
./genomes/XopG2.versus.WHRI_8063.fasta.tblastn	0
./genomes/XopG2.versus.WHRI_8078.fasta.tblastn	0
./genomes/XopG2.versus.WHRI_8127.fasta.tblastn	0
./genomes/XopG2.versus.WHRI_8310.fasta.tblastn	0
./genomes/XopG2.versus.WHRI_8320.fasta.tblastn	0
./genomes/XopG2.versus.WHRI_8322.fasta.tblastn	0
./genomes/XopG2.versus.WHRI_8323.fasta.tblastn	0
./genomes/XopG2.versus.WHRI_8329.fasta.tblastn	0
./genomes/XopG2.versus.WHRI_8330.fasta.tblastn	0
./genomes/XopG2.versus.WHRI_8332.fasta.tblastn	0
./genomes/XopG2.versus.WHRI_8333.fasta.tblastn	0
./genomes/XopG2.versus.WHRI_8337B.fasta.tblastn	0
./genomes/XopG2.versus.WHRI_8339.fasta.tblastn	0
./genomes/XopG2.versus.WHRI_8346.fasta.tblastn	0
./genomes/XopG2.versus.WHRI_8348.fasta.tblastn	0
./genomes/XopG2.versus.WHRI_8372.fasta.tblastn	0
./genomes/XopG2.versus.WHRI_8374.fasta.tblastn	0
./genomes/XopG2.versus.WHRI_8377.fasta.tblastn	0
./genomes/XopG2.versus.WHRI_8387.fasta.tblastn	0
./genomes/XopG2.versus.WHRI_8401.fasta.tblastn	0
./genomes/XopG2.versus.WHRI_8402.fasta.tblastn	0
./genomes/XopG2.versus.WHRI_8403.fasta.tblastn	0
./genomes/XopG2.versus.WHRI_8404.fasta.tblastn	0
./genomes/XopG2.versus.WHRI_8405.fasta.tblastn	1
./genomes/XopG2.versus.WHRI_8409.fasta.tblastn	0
./genomes/XopG2.versus.WHRI_8412.fasta.tblastn	0
./genomes/XopG2.versus.WHRI_8414A.fasta.tblastn	0
./genomes/XopG2.versus.WHRI_8416A.fasta.tblastn	0
./genomes/XopG2.versus.WHRI_8420A.fasta.tblastn	0
./genomes/XopG2.versus.WHRI_8423A.fasta.tblastn	0
./genomes/XopG2.versus.WHRI_8429A.fasta.tblastn	0
./genomes/XopG2.versus.WHRI_8430.fasta.tblastn	0
./genomes/XopG2.versus.WHRI_8434.fasta.tblastn	0
./genomes/XopG2.versus.WHRI_8436.fasta.tblastn	0
./genomes/XopG2.versus.WHRI_8441A.fasta.tblastn	0
./genomes/XopG2.versus.WHRI_8443B.fasta.tblastn	1
./genomes/XopG2.versus.WHRI_8444A.fasta.tblastn	0
./genomes/XopG2.versus.WHRI_8446.fasta.tblastn	0
./genomes/XopG2.versus.WHRI_8447A.fasta.tblastn	0
./genomes/XopG2.versus.WHRI_8448A.fasta.tblastn	0
./genomes/XopG2.versus.WHRI_8449A.fasta.tblastn	0
./genomes/XopG2.versus.WHRI_8450A.fasta.tblastn	0
./genomes/XopG2.versus.WHRI_8450B.fasta.tblastn	0
./genomes/XopG2.versus.WHRI_8452A.fasta.tblastn	0
./genomes/XopG2.versus.WHRI_8453B.fasta.tblastn	0
./genomes/XopG2.versus.WHRI_8454A.fasta.tblastn	0
./genomes/XopG2.versus.WHRI_8455A.fasta.tblastn	0
./genomes/XopG2.versus.WHRI_8458A.fasta.tblastn	0
./genomes/XopG2.versus.WHRI_8459B.fasta.tblastn	0
./genomes/XopG2.versus.WHRI_8460B.fasta.tblastn	1
./genomes/XopG2.versus.WHRI_8462A.fasta.tblastn	0
./genomes/XopG2.versus.WHRI_8463A.fasta.tblastn	0
./genomes/XopG2.versus.WHRI_8463B.fasta.tblastn	0
./genomes/XopG2.versus.WHRI_8468A.fasta.tblastn	0
./genomes/XopG2.versus.WHRI_8469.fasta.tblastn	0
./genomes/XopG2.versus.WHRI_8471.fasta.tblastn	0
./genomes/XopG2.versus.WHRI_8497.fasta.tblastn	0
./genomes/XopG2.versus.WHRI_8500.fasta.tblastn	0
./genomes/XopG2.versus.WHRI_8506.fasta.tblastn	0
./genomes/XopG2.versus.WHRI_8507.fasta.tblastn	0
./genomes/XopG2.versus.WHRI_8514.fasta.tblastn	0
./genomes/XopG2.versus.WHRI_8516A.fasta.tblastn	0
./genomes/XopG2.versus.WHRI_8516B.fasta.tblastn	0
./genomes/XopG2.versus.WHRI_8539.fasta.tblastn	0
./genomes/XopG2.versus.WHRI_8541.fasta.tblastn	0
./genomes/XopG2.versus.WHRI_8544.fasta.tblastn	0
./genomes/XopG2.versus.WHRI_8572.fasta.tblastn	0
./genomes/XopG2.versus.WHRI_8578.fasta.tblastn	0
./genomes/XopG2.versus.WHRI_8596.fasta.tblastn	0
./genomes/XopG2.versus.WHRI_8618.fasta.tblastn	0
./genomes/XopG2.versus.WHRI_8622.fasta.tblastn	0
./genomes/XopG2.versus.WHRI_8629.fasta.tblastn	0
./genomes/XopG2.versus.WHRI_8646.fasta.tblastn	0
./genomes/XopG2.versus.WHRI_8648.fasta.tblastn	0
./genomes/XopG2.versus.WHRI_8650.fasta.tblastn	0
./genomes/XopG2.versus.WHRI_8653.fasta.tblastn	0
./genomes/XopG2.versus.WHRI_8662.fasta.tblastn	0
./genomes/XopG2.versus.WHRI_8668.fasta.tblastn	0
./genomes/XopG2.versus.WHRI_8688.fasta.tblastn	0
./genomes/XopG2.versus.WHRI_8709.fasta.tblastn	0
./genomes/XopG2.versus.WHRI_8713.fasta.tblastn	0
./genomes/XopG2.versus.WHRI_8721.fasta.tblastn	0
./genomes/XopG2.versus.WHRI_8730.fasta.tblastn	0
./genomes/XopG2.versus.WHRI_8733.fasta.tblastn	0
./genomes/XopG2.versus.WHRI_8737.fasta.tblastn	0
./genomes/XopG2.versus.WHRI_8746.fasta.tblastn	0
./genomes/XopG2.versus.WHRI_8758.fasta.tblastn	0
./genomes/XopG2.versus.WHRI_8759.fasta.tblastn	0
./genomes/XopG2.versus.WHRI_8763.fasta.tblastn	0
./genomes/XopG2.versus.WHRI_8779.fasta.tblastn	0
./genomes/XopG2.versus.WHRI_8788.fasta.tblastn	0
./genomes/XopG2.versus.WHRI_8789.fasta.tblastn	0
./genomes/XopG2.versus.WHRI_8794.fasta.tblastn	0
./genomes/XopG2.versus.WHRI_8795.fasta.tblastn	0
./genomes/XopG2.versus.WHRI_8800.fasta.tblastn	0
./genomes/XopG2.versus.WHRI_8801.fasta.tblastn	0
./genomes/XopG2.versus.WHRI_8804_NCPPB_3566.fasta.tblastn	0
./genomes/XopG2.versus.WHRI_8806.fasta.tblastn	0
./genomes/XopG2.versus.WHRI_8807.fasta.tblastn	0
./genomes/XopG2.versus.WHRI_8808.fasta.tblastn	0
./genomes/XopG2.versus.WHRI_8815.fasta.tblastn	1
./genomes/XopG2.versus.WHRI_8816.fasta.tblastn	0
./genomes/XopG2.versus.WHRI_8819.fasta.tblastn	1
./genomes/XopG2.versus.WHRI_8820.fasta.tblastn	1
./genomes/XopG2.versus.WHRI_8821.fasta.tblastn	0
./genomes/XopG2.versus.WHRI_8823.fasta.tblastn	0
./genomes/XopG2.versus.WHRI_8824A.fasta.tblastn	0
./genomes/XopG2.versus.WHRI_8825.fasta.tblastn	0
./genomes/XopG2.versus.WHRI_8826A.fasta.tblastn	0
./genomes/XopG2.versus.WHRI_8827A.fasta.tblastn	0
./genomes/XopG2.versus.WHRI_8836.fasta.tblastn	0
./genomes/XopG2.versus.WHRI_8837.fasta.tblastn	0
./genomes/XopG2.versus.WHRI_8838.fasta.tblastn	1
./genomes/XopG2.versus.WHRI_8839.fasta.tblastn	1
./genomes/XopG2.versus.WHRI_8840.fasta.tblastn	0
./genomes/XopG2.versus.WHRI_8841.fasta.tblastn	1
./genomes/XopG2.versus.WHRI_8856.fasta.tblastn	0
./genomes/XopG2.versus.WHRI_8857.fasta.tblastn	0
./genomes/XopG2.versus.WHRI_8868.fasta.tblastn	0
./genomes/XopG2.versus.WHRI_8879.fasta.tblastn	1
./genomes/XopG2.versus.WHRI_8892A.fasta.tblastn	1
./genomes/XopG2.versus.WHRI_8894.fasta.tblastn	0
./genomes/XopG2.versus.WHRI_8895.fasta.tblastn	1
./genomes/XopG2.versus.WHRI_8952A.fasta.tblastn	1
./genomes/XopG2.versus.WHRI_8953.fasta.tblastn	0
./genomes/XopG2.versus.WHRI_8955.fasta.tblastn	0
./genomes/XopG2.versus.WHRI_8956.fasta.tblastn	1
./genomes/XopG2.versus.WHRI_8966.fasta.tblastn	0
./genomes/XopG2.versus.WHRI_8968.fasta.tblastn	0
./genomes/XopG2.versus.WHRI_8975A.fasta.tblastn	1
./genomes/XopG2.versus.WHRI_8976.fasta.tblastn	0
./genomes/XopG2.versus.WHRI_8978.fasta.tblastn	0
./genomes/XopG2.versus.WHRI_8979.fasta.tblastn	1
./genomes/XopG2.versus.WHRI_8980.fasta.tblastn	1
./genomes/XopG2.versus.WHRI_8981.fasta.tblastn	1
./genomes/XopG2.versus.XCC2144.fasta.tblastn	0
./genomes/XopG2.versus.XY1-1.fasta.tblastn	1
./genomes/XopG2.versus.Xc02.fasta.tblastn	1
./genomes/XopG2.versus.Xc105.fasta.tblastn	0
./genomes/XopG2.versus.Xc110.fasta.tblastn	0
./genomes/XopG2.versus.Xc111.fasta.tblastn	0
./genomes/XopG2.versus.Xc115.fasta.tblastn	0
./genomes/XopG2.versus.Xc117.fasta.tblastn	0
./genomes/XopG2.versus.Xc120.fasta.tblastn	0
./genomes/XopG2.versus.Xc121-1.fasta.tblastn	0
./genomes/XopG2.versus.Xc121-2.fasta.tblastn	0
./genomes/XopG2.versus.Xc129.fasta.tblastn	0
./genomes/XopG2.versus.Xc134.fasta.tblastn	0
./genomes/XopG2.versus.Xc142.fasta.tblastn	0
./genomes/XopG2.versus.Xc150.fasta.tblastn	0
./genomes/XopG2.versus.Xc153.fasta.tblastn	0
./genomes/XopG2.versus.Xc16.fasta.tblastn	1
./genomes/XopG2.versus.Xc160.fasta.tblastn	0
./genomes/XopG2.versus.Xc163.fasta.tblastn	0
./genomes/XopG2.versus.Xc164.fasta.tblastn	0
./genomes/XopG2.versus.Xc173.fasta.tblastn	0
./genomes/XopG2.versus.Xc175.fasta.tblastn	0
./genomes/XopG2.versus.Xc20.fasta.tblastn	1
./genomes/XopG2.versus.Xc2010.fasta.tblastn	1
./genomes/XopG2.versus.Xc211.fasta.tblastn	1
./genomes/XopG2.versus.Xc221-1.fasta.tblastn	0
./genomes/XopG2.versus.Xc221-2.fasta.tblastn	0
./genomes/XopG2.versus.Xc25.fasta.tblastn	1
./genomes/XopG2.versus.Xc252.fasta.tblastn	1
./genomes/XopG2.versus.Xc262.fasta.tblastn	1
./genomes/XopG2.versus.Xc272.fasta.tblastn	1
./genomes/XopG2.versus.Xc292.fasta.tblastn	1
./genomes/XopG2.versus.Xc302.fasta.tblastn	1
./genomes/XopG2.versus.Xc312.fasta.tblastn	1
./genomes/XopG2.versus.Xc321-1.fasta.tblastn	1
./genomes/XopG2.versus.Xc321-2.fasta.tblastn	1
./genomes/XopG2.versus.Xc321.fasta.tblastn	1
./genomes/XopG2.versus.Xc342.fasta.tblastn	1
./genomes/XopG2.versus.Xc35.fasta.tblastn	0
./genomes/XopG2.versus.Xc362.fasta.tblastn	1
./genomes/XopG2.versus.Xc39.fasta.tblastn	0
./genomes/XopG2.versus.Xc412.fasta.tblastn	1
./genomes/XopG2.versus.Xc421-1.fasta.tblastn	0
./genomes/XopG2.versus.Xc421-2.fasta.tblastn	0
./genomes/XopG2.versus.Xc422.fasta.tblastn	1
./genomes/XopG2.versus.Xc43.fasta.tblastn	0
./genomes/XopG2.versus.Xc433.fasta.tblastn	1
./genomes/XopG2.versus.Xc442.fasta.tblastn	1
./genomes/XopG2.versus.Xc452.fasta.tblastn	1
./genomes/XopG2.versus.Xc51.fasta.tblastn	0
./genomes/XopG2.versus.Xc52.fasta.tblastn	0
./genomes/XopG2.versus.Xc521-1.fasta.tblastn	0
./genomes/XopG2.versus.Xc521-2.fasta.tblastn	0
./genomes/XopG2.versus.Xc57.fasta.tblastn	0
./genomes/XopG2.versus.Xc58.fasta.tblastn	0
./genomes/XopG2.versus.Xc67.fasta.tblastn	0
./genomes/XopG2.versus.Xc7.fasta.tblastn	1
./genomes/XopG2.versus.Xc78.fasta.tblastn	0
./genomes/XopG2.versus.Xca5.fasta.tblastn	0
./genomes/XopG2.versus.Xcc-C7.fasta.tblastn	0
./genomes/XopG2.versus.Xcc-G.fasta.tblastn	1
./genomes/XopG2.versus.Xcc8004_Xcc1.fasta.tblastn	0
./genomes/XopG2.versus.Xcc8004_Xcc2.fasta.tblastn	0
./genomes/XopG2.versus.bglFP_6745.fasta.tblastn	1
./genomes/XopG2.versus.bglFP_6746.fasta.tblastn	1
./genomes/XopG2.versus.bglFP_6813.fasta.tblastn	0
